<?xml version="1.0" encoding="UTF-8"?><rss xmlns:dc="http://purl.org/dc/elements/1.1/" xmlns:content="http://purl.org/rss/1.0/modules/content/" xmlns:atom="http://www.w3.org/2005/Atom" version="2.0"><channel><title><![CDATA[RecipeRadiance]]></title><description><![CDATA[Delightful recipes for culinary explorers]]></description><link>https://steller7081.wixsite.com/reciperadiance-1/all-recipes</link><generator>RSS for Node</generator><lastBuildDate>Sat, 12 Oct 2024 23:17:51 GMT</lastBuildDate><atom:link href="https://steller7081.wixsite.com/reciperadiance-1/blog-feed.xml" rel="self" type="application/rss+xml"/><item><title><![CDATA[Classic American Burgers]]></title><description><![CDATA[Ingredients: 500g ground beef (80% lean) Salt and pepper 4 hamburger buns Toppings: lettuce, tomato, onion, pickles, cheese, ketchup,...]]></description><link>https://steller7081.wixsite.com/reciperadiance-1/post/classic-american-burgers</link><guid isPermaLink="false">670716b8424af7eb47d17fb6</guid><pubDate>Wed, 09 Oct 2024 23:50:37 GMT</pubDate><enclosure url="https://static.wixstatic.com/media/ae6ae7_b61d91a83b9a45d0822f4c183c5c1154~mv2.webp/v1/fit/w_1000,h_1000,al_c,q_80/file.png" length="0" type="image/png"/><dc:creator>steller7081</dc:creator><content:encoded><![CDATA[<p><br /></p>
<figure><img src="https://static.wixstatic.com/media/ae6ae7_b61d91a83b9a45d0822f4c183c5c1154~mv2.webp/v1/fit/w_1000,h_1000,al_c,q_80/file.png"></figure>
<p><strong>Ingredients:</strong></p>
<ul>
  <li><p>500g ground beef (80% lean)</p></li>
  <li><p>Salt and pepper</p></li>
  <li><p>4 hamburger buns</p></li>
  <li><p>Toppings: lettuce, tomato, onion, pickles, cheese, ketchup, mustard</p></li>
</ul>
<p><strong>Instructions:</strong></p>
<ol>
  <li><p>Preheat the grill to medium-high heat.</p></li>
  <li><p>Shape ground beef into 4 patties; season with salt and pepper.</p></li>
  <li><p>Grill the patties for about 4-5 minutes on each side, adding cheese in the last minute if desired.</p></li>
  <li><p>Toast the hamburger buns on the grill. Assemble burgers with desired toppings.</p></li>
</ol>]]></content:encoded></item><item><title><![CDATA[Easter Bread (Tsoureki)]]></title><description><![CDATA[Ingredients: 500g all-purpose flour 100g sugar 10g salt 1 packet (7g) instant yeast 200ml milk, warmed 2 large eggs 75g unsalted butter,...]]></description><link>https://steller7081.wixsite.com/reciperadiance-1/post/easter-bread-tsoureki</link><guid isPermaLink="false">670714c0424af7eb47d1788e</guid><pubDate>Wed, 09 Oct 2024 23:42:21 GMT</pubDate><enclosure url="https://static.wixstatic.com/media/ae6ae7_9949211e011246a1b94cca0060856fb9~mv2.jpg/v1/fit/w_1000,h_750,al_c,q_80/file.png" length="0" type="image/png"/><dc:creator>steller7081</dc:creator><content:encoded><![CDATA[<p><br /></p>
<figure><img src="https://static.wixstatic.com/media/ae6ae7_9949211e011246a1b94cca0060856fb9~mv2.jpg/v1/fit/w_1000,h_750,al_c,q_80/file.png"></figure>
<p><strong>Ingredients:</strong></p>
<ul>
  <li><p>500g all-purpose flour</p></li>
  <li><p>100g sugar</p></li>
  <li><p>10g salt</p></li>
  <li><p>1 packet (7g) instant yeast</p></li>
  <li><p>200ml milk, warmed</p></li>
  <li><p>2 large eggs</p></li>
  <li><p>75g unsalted butter, melted</p></li>
  <li><p>1 tsp vanilla extract</p></li>
  <li><p>Colored eggs (for decoration)</p></li>
</ul>
<p><strong>Instructions:</strong></p>
<ol>
  <li><p>In a bowl, mix flour, sugar, salt, and yeast.</p></li>
  <li><p>In another bowl, whisk milk, eggs, butter, and vanilla. Add to dry ingredients and knead until smooth.</p></li>
  <li><p>Let rise for 1-2 hours. Divide dough, braid, and shape into a circle.</p></li>
  <li><p>Place colored eggs in the dough and let rise again. Bake at 180°C (350°F) for 25-30 minutes.</p></li>
</ol>]]></content:encoded></item><item><title><![CDATA[Pumpkin Soup]]></title><description><![CDATA[Ingredients: 1 kg pumpkin, peeled and cubed 1 onion, chopped 2 garlic cloves, minced 500ml vegetable broth 200ml coconut milk 1 tsp...]]></description><link>https://steller7081.wixsite.com/reciperadiance-1/post/pumpkin-soup</link><guid isPermaLink="false">6707138e424af7eb47d17437</guid><pubDate>Wed, 09 Oct 2024 23:37:10 GMT</pubDate><enclosure url="https://static.wixstatic.com/media/ae6ae7_be46fd31e6134446911a1825bcb79f0e~mv2.jpg/v1/fit/w_1000,h_1000,al_c,q_80/file.png" length="0" type="image/png"/><dc:creator>steller7081</dc:creator><content:encoded><![CDATA[<p><br /></p>
<figure><img src="https://static.wixstatic.com/media/ae6ae7_be46fd31e6134446911a1825bcb79f0e~mv2.jpg/v1/fit/w_1000,h_1000,al_c,q_80/file.png"></figure>
<p><strong>Ingredients:</strong></p>
<ul>
  <li><p>1 kg pumpkin, peeled and cubed</p></li>
  <li><p>1 onion, chopped</p></li>
  <li><p>2 garlic cloves, minced</p></li>
  <li><p>500ml vegetable broth</p></li>
  <li><p>200ml coconut milk</p></li>
  <li><p>1 tsp ground ginger</p></li>
  <li><p>Salt and pepper</p></li>
  <li><p>Olive oil</p></li>
</ul>
<p><strong>Instructions:</strong></p>
<ol>
  <li><p>In a large pot, heat olive oil and sauté onion and garlic until soft.</p></li>
  <li><p>Add pumpkin, ginger, salt, and pepper; cook for 5 minutes.</p></li>
  <li><p>Pour in vegetable broth and simmer until pumpkin is tender (about 20 minutes).</p></li>
  <li><p>Blend until smooth, then stir in coconut milk. Serve warm.</p></li>
</ol>]]></content:encoded></item><item><title><![CDATA[Christmas Pudding]]></title><description><![CDATA[Ingredients: 200g mixed dried fruit 100g suet (or butter) 100g brown sugar 100g flour 1 tsp baking powder 1 tsp mixed spice 1/2 cup milk...]]></description><link>https://steller7081.wixsite.com/reciperadiance-1/post/christmas-pudding</link><guid isPermaLink="false">6707125746cf8b8711d18a9b</guid><pubDate>Wed, 09 Oct 2024 23:33:16 GMT</pubDate><enclosure url="https://static.wixstatic.com/media/ae6ae7_e2de6b990b9d4e04a890554232ea15f1~mv2.jpg/v1/fit/w_1000,h_1000,al_c,q_80/file.png" length="0" type="image/png"/><dc:creator>steller7081</dc:creator><content:encoded><![CDATA[<p><br /></p>
<figure><img src="https://static.wixstatic.com/media/ae6ae7_e2de6b990b9d4e04a890554232ea15f1~mv2.jpg/v1/fit/w_1000,h_1000,al_c,q_80/file.png"></figure>
<p><strong>Ingredients:</strong></p>
<ul>
  <li><p>200g mixed dried fruit</p></li>
  <li><p>100g suet (or butter)</p></li>
  <li><p>100g brown sugar</p></li>
  <li><p>100g flour</p></li>
  <li><p>1 tsp baking powder</p></li>
  <li><p>1 tsp mixed spice</p></li>
  <li><p>1/2 cup milk</p></li>
  <li><p>2 eggs</p></li>
  <li><p>Brandy (for flambé)</p></li>
</ul>
<p><strong>Instructions:</strong></p>
<ol>
  <li><p>In a large bowl, mix dried fruit, suet, sugar, flour, baking powder, and mixed spice.</p></li>
  <li><p>In another bowl, whisk milk and eggs; add to the dry mixture and mix well.</p></li>
  <li><p>Grease a pudding basin and pour in the mixture. Cover with parchment paper.</p></li>
  <li><p>Steam for 2-3 hours. Serve warm, flambé with brandy if desired.</p></li>
</ol>]]></content:encoded></item><item><title><![CDATA[Gingerbread Cookies]]></title><description><![CDATA[Ingredients: 350g all-purpose flour 1 tsp baking soda 2 tbsp ground ginger 1 tbsp ground cinnamon 1/2 tsp nutmeg 1/4 tsp salt 150g...]]></description><link>https://steller7081.wixsite.com/reciperadiance-1/post/gingerbread-cookies</link><guid isPermaLink="false">67070f9cf645050e609cdac1</guid><pubDate>Wed, 09 Oct 2024 23:21:16 GMT</pubDate><enclosure url="https://static.wixstatic.com/media/ae6ae7_944b4fd124ef424b82b39b4f111c405a~mv2.jpg/v1/fit/w_1000,h_1000,al_c,q_80/file.png" length="0" type="image/png"/><dc:creator>steller7081</dc:creator><content:encoded><![CDATA[<p><br /></p>
<figure><img src="https://static.wixstatic.com/media/ae6ae7_944b4fd124ef424b82b39b4f111c405a~mv2.jpg/v1/fit/w_1000,h_1000,al_c,q_80/file.png"></figure>
<p><strong>Ingredients:</strong></p>
<ul>
  <li><p>350g all-purpose flour</p></li>
  <li><p>1 tsp baking soda</p></li>
  <li><p>2 tbsp ground ginger</p></li>
  <li><p>1 tbsp ground cinnamon</p></li>
  <li><p>1/2 tsp nutmeg</p></li>
  <li><p>1/4 tsp salt</p></li>
  <li><p>150g unsalted butter, softened</p></li>
  <li><p>100g brown sugar</p></li>
  <li><p>1 egg</p></li>
  <li><p>120ml molasses</p></li>
</ul>
<p><strong>Instructions:</strong></p>
<ol>
  <li><p>Preheat oven to 180°C (350°F).</p></li>
  <li><p>In a bowl, mix flour, baking soda, ginger, cinnamon, nutmeg, and salt.</p></li>
  <li><p>In another bowl, cream butter and sugar; add egg and molasses.</p></li>
  <li><p>Gradually add dry ingredients, mixing until combined.</p></li>
  <li><p>Roll out dough and cut into shapes. Bake for 8-10 minutes.</p></li>
</ol>]]></content:encoded></item><item><title><![CDATA[Honey Glazed Ham]]></title><description><![CDATA[Ingredients: 1 bone-in ham (about 2-3 kg) 1 cup honey 1/2 cup brown sugar 1/4 cup Dijon mustard 1/4 cup apple cider vinegar Cloves...]]></description><link>https://steller7081.wixsite.com/reciperadiance-1/post/honey-glazed-ham</link><guid isPermaLink="false">6706fd12f645050e609c97b5</guid><pubDate>Wed, 09 Oct 2024 22:01:13 GMT</pubDate><enclosure url="https://static.wixstatic.com/media/ae6ae7_aaf97f23a04f44cfa2b8bc9fd526c01d~mv2.jpg/v1/fit/w_1000,h_1000,al_c,q_80/file.png" length="0" type="image/png"/><dc:creator>steller7081</dc:creator><content:encoded><![CDATA[<p><br /></p>
<figure><img src="https://static.wixstatic.com/media/ae6ae7_aaf97f23a04f44cfa2b8bc9fd526c01d~mv2.jpg/v1/fit/w_1000,h_1000,al_c,q_80/file.png"></figure>
<p><strong>Ingredients:</strong></p>
<ul>
  <li><p>1 bone-in ham (about 2-3 kg)</p></li>
  <li><p>1 cup honey</p></li>
  <li><p>1/2 cup brown sugar</p></li>
  <li><p>1/4 cup Dijon mustard</p></li>
  <li><p>1/4 cup apple cider vinegar</p></li>
  <li><p>Cloves (optional)</p></li>
</ul>
<p><strong>Instructions:</strong></p>
<ol>
  <li><p>Preheat oven to 160°C (325°F).</p></li>
  <li><p>Score the surface of the ham and stud with cloves if desired.</p></li>
  <li><p>In a saucepan, combine honey, brown sugar, mustard, and vinegar; heat until dissolved.</p></li>
  <li><p>Brush the glaze over the ham and place it in a roasting pan.</p></li>
  <li><p>Bake for about 1.5-2 hours, basting with glaze every 30 minutes.</p></li>
</ol>]]></content:encoded></item><item><title><![CDATA[Roast Turkey with Herb Butter]]></title><description><![CDATA[Ingredients: 1 whole turkey (4-5 kg) 200g unsalted butter, softened 4 garlic cloves, minced 2 tbsp fresh rosemary, chopped 2 tbsp fresh...]]></description><link>https://steller7081.wixsite.com/reciperadiance-1/post/roast-turkey-with-herb-butter</link><guid isPermaLink="false">6706fc9c98e75801f853ea54</guid><pubDate>Wed, 09 Oct 2024 21:59:16 GMT</pubDate><enclosure url="https://static.wixstatic.com/media/ae6ae7_87f5564c5001414fa962828f9391eeb2~mv2.jpg/v1/fit/w_1000,h_1000,al_c,q_80/file.png" length="0" type="image/png"/><dc:creator>steller7081</dc:creator><content:encoded><![CDATA[<p><br /></p>
<figure><img src="https://static.wixstatic.com/media/ae6ae7_87f5564c5001414fa962828f9391eeb2~mv2.jpg/v1/fit/w_1000,h_1000,al_c,q_80/file.png"></figure>
<p><strong>Ingredients:</strong></p>
<ul>
  <li><p>1 whole turkey (4-5 kg)</p></li>
  <li><p>200g unsalted butter, softened</p></li>
  <li><p>4 garlic cloves, minced</p></li>
  <li><p>2 tbsp fresh rosemary, chopped</p></li>
  <li><p>2 tbsp fresh thyme, chopped</p></li>
  <li><p>Salt and pepper</p></li>
  <li><p>2 cups chicken broth</p></li>
</ul>
<p><strong>Instructions:</strong></p>
<ol>
  <li><p>Preheat oven to 180°C (350°F).</p></li>
  <li><p>Mix butter, garlic, rosemary, thyme, salt, and pepper in a bowl.</p></li>
  <li><p>Gently loosen turkey skin and spread herb butter underneath and over the skin.</p></li>
  <li><p>Place turkey in a roasting pan, pour chicken broth around it, and cover loosely with foil.</p></li>
  <li><p>Roast for about 3-4 hours, basting occasionally, until cooked through. Remove foil for the last 30 minutes for a golden skin.</p></li>
</ol>]]></content:encoded></item><item><title><![CDATA[Vegetable Stir-Fry]]></title><description><![CDATA[Ingredients: 2 cups mixed vegetables (bell peppers, broccoli, carrots) 2 tbsp soy sauce 1 tbsp sesame oil 1 tsp ginger, minced 2 garlic...]]></description><link>https://steller7081.wixsite.com/reciperadiance-1/post/vegetable-stir-fry</link><guid isPermaLink="false">6706f81e46cf8b8711d12dd4</guid><pubDate>Wed, 09 Oct 2024 21:40:00 GMT</pubDate><enclosure url="https://static.wixstatic.com/media/ae6ae7_445342cd4ba34a30907b76e6469df4a7~mv2.jpg/v1/fit/w_1000,h_1000,al_c,q_80/file.png" length="0" type="image/png"/><dc:creator>steller7081</dc:creator><content:encoded><![CDATA[<p><br /></p>
<figure><img src="https://static.wixstatic.com/media/ae6ae7_445342cd4ba34a30907b76e6469df4a7~mv2.jpg/v1/fit/w_1000,h_1000,al_c,q_80/file.png"></figure>
<p><strong>Ingredients:</strong></p>
<ul>
  <li><p>2 cups mixed vegetables (bell peppers, broccoli, carrots)</p></li>
  <li><p>2 tbsp soy sauce</p></li>
  <li><p>1 tbsp sesame oil</p></li>
  <li><p>1 tsp ginger, minced</p></li>
  <li><p>2 garlic cloves, minced</p></li>
  <li><p>Cooked rice, for serving</p></li>
</ul>
<p><strong>Instructions:</strong></p>
<ol>
  <li><p>Heat sesame oil in a pan and add ginger and garlic; sauté briefly.</p></li>
  <li><p>Add vegetables and stir-fry for 5-7 minutes.</p></li>
  <li><p>Stir in soy sauce and serve over rice.</p></li>
</ol>]]></content:encoded></item><item><title><![CDATA[Classic Caesar Salad]]></title><description><![CDATA[Ingredients: 1 head romaine lettuce, chopped 50g Parmesan cheese, shaved Croutons 3 anchovy fillets (optional) 2 tbsp olive oil Juice of...]]></description><link>https://steller7081.wixsite.com/reciperadiance-1/post/classic-caesar-salad</link><guid isPermaLink="false">6706f49998e75801f853d197</guid><pubDate>Wed, 09 Oct 2024 21:26:19 GMT</pubDate><enclosure url="https://static.wixstatic.com/media/ae6ae7_b26232a3b37543fdb7dac8824c72ad8b~mv2.jpeg/v1/fit/w_1000,h_1000,al_c,q_80/file.png" length="0" type="image/png"/><dc:creator>steller7081</dc:creator><content:encoded><![CDATA[<p><br /></p>
<figure><img src="https://static.wixstatic.com/media/ae6ae7_b26232a3b37543fdb7dac8824c72ad8b~mv2.jpeg/v1/fit/w_1000,h_1000,al_c,q_80/file.png"></figure>
<p><strong>Ingredients:</strong></p>
<ul>
  <li><p>1 head romaine lettuce, chopped</p></li>
  <li><p>50g Parmesan cheese, shaved</p></li>
  <li><p>Croutons</p></li>
  <li><p>3 anchovy fillets (optional)</p></li>
  <li><p>2 tbsp olive oil</p></li>
  <li><p>Juice of 1 lemon</p></li>
  <li><p>Salt and pepper</p></li>
</ul>
<p><strong>Instructions:</strong></p>
<ol>
  <li><p>In a bowl, whisk olive oil, lemon juice, salt, and pepper.</p></li>
  <li><p>Toss lettuce, croutons, and dressing together.</p></li>
  <li><p>Top with Parmesan and anchovies, if desired.</p></li>
</ol>
<p><br /></p>]]></content:encoded></item><item><title><![CDATA[Beef Tacos]]></title><description><![CDATA[Ingredients: 500g ground beef 1 onion, diced 2 garlic cloves, minced 1 tsp cumin 1 tsp chili powder Taco shells Toppings: lettuce,...]]></description><link>https://steller7081.wixsite.com/reciperadiance-1/post/beef-tacos</link><guid isPermaLink="false">6706f3de98e75801f853cf64</guid><pubDate>Wed, 09 Oct 2024 21:23:13 GMT</pubDate><enclosure url="https://static.wixstatic.com/media/ae6ae7_6243e90cc3724277a4e813fde22e97ef~mv2.jpg/v1/fit/w_1000,h_1000,al_c,q_80/file.png" length="0" type="image/png"/><dc:creator>steller7081</dc:creator><content:encoded><![CDATA[<p><br /></p>
<figure><img src="https://static.wixstatic.com/media/ae6ae7_6243e90cc3724277a4e813fde22e97ef~mv2.jpg/v1/fit/w_1000,h_1000,al_c,q_80/file.png"></figure>
<p><br /></p>
<p><strong>Ingredients:</strong></p>
<ul>
  <li><p>500g ground beef</p></li>
  <li><p>1 onion, diced</p></li>
  <li><p>2 garlic cloves, minced</p></li>
  <li><p>1 tsp cumin</p></li>
  <li><p>1 tsp chili powder</p></li>
  <li><p>Taco shells</p></li>
  <li><p>Toppings: lettuce, cheese, salsa, avocado</p></li>
</ul>
<p><strong>Instructions:</strong></p>
<ol>
  <li><p>In a skillet, cook onion and garlic until soft.</p></li>
  <li><p>Add beef, cumin, and chili powder; cook until browned.</p></li>
  <li><p>Fill taco shells with beef and toppings of your choice.</p></li>
</ol>
<h3></h3>]]></content:encoded></item><item><title><![CDATA[Chicken Tikka Masala]]></title><description><![CDATA[Ingredients: 500g chicken breast, cubed 200g yogurt 2 tbsp tikka masala spice 1 onion, chopped 400g canned tomatoes 200ml coconut milk...]]></description><link>https://steller7081.wixsite.com/reciperadiance-1/post/chicken-tikka-masala</link><guid isPermaLink="false">6706f315424af7eb47d103df</guid><pubDate>Wed, 09 Oct 2024 21:19:14 GMT</pubDate><enclosure url="https://static.wixstatic.com/media/ae6ae7_12a447e77558466ab86337f21b715a83~mv2.jpg/v1/fit/w_1000,h_1000,al_c,q_80/file.png" length="0" type="image/png"/><dc:creator>steller7081</dc:creator><content:encoded><![CDATA[<figure><img src="https://static.wixstatic.com/media/ae6ae7_12a447e77558466ab86337f21b715a83~mv2.jpg/v1/fit/w_1000,h_1000,al_c,q_80/file.png"></figure>
<p><strong>Ingredients:</strong></p>
<ul>
  <li><p>500g chicken breast, cubed</p></li>
  <li><p>200g yogurt</p></li>
  <li><p>2 tbsp tikka masala spice</p></li>
  <li><p>1 onion, chopped</p></li>
  <li><p>400g canned tomatoes</p></li>
  <li><p>200ml coconut milk</p></li>
  <li><p>Fresh cilantro, for garnish</p></li>
</ul>
<p><strong>Instructions:</strong></p>
<ol>
  <li><p>Marinate chicken in yogurt and tikka masala for at least 1 hour.</p></li>
  <li><p>Cook onion in a pan until golden, add chicken and cook until browned.</p></li>
  <li><p>Stir in tomatoes and coconut milk, simmer for 20 minutes.</p></li>
  <li><p>Garnish with cilantro and serve with rice.</p></li>
</ol>
<p><br /></p>]]></content:encoded></item><item><title><![CDATA[Spaghetti Carbonara]]></title><description><![CDATA[Ingredients: 400g spaghetti 150g pancetta or guanciale, diced 3 large eggs 100g Parmesan cheese, grated Black pepper Salt Instructions:...]]></description><link>https://steller7081.wixsite.com/reciperadiance-1/post/1-spaghetti-carbonara</link><guid isPermaLink="false">6706f1e598e75801f853c94b</guid><pubDate>Wed, 09 Oct 2024 21:15:11 GMT</pubDate><enclosure url="https://static.wixstatic.com/media/ae6ae7_a783b5ca9b4c49a69bdfb2ceb9354d8c~mv2.jpg/v1/fit/w_1000,h_800,al_c,q_80/file.png" length="0" type="image/png"/><dc:creator>steller7081</dc:creator><content:encoded><![CDATA[<figure><img src="https://static.wixstatic.com/media/ae6ae7_a783b5ca9b4c49a69bdfb2ceb9354d8c~mv2.jpg/v1/fit/w_1000,h_800,al_c,q_80/file.png"></figure>
<p><br /></p>
<p><strong>Ingredients:</strong></p>
<ul>
  <li><p>400g spaghetti</p></li>
  <li><p>150g pancetta or guanciale, diced</p></li>
  <li><p>3 large eggs</p></li>
  <li><p>100g Parmesan cheese, grated</p></li>
  <li><p>Black pepper</p><p><br /></p><p><br /></p></li>
  <li><p>Salt</p></li>
</ul>
<p><strong>Instructions:</strong></p>
<ol>
  <li><p>Cook spaghetti according to package instructions.</p></li>
  <li><p>In a pan, cook pancetta until crispy.</p></li>
  <li><p>In a bowl, whisk eggs and Parmesan.</p></li>
  <li><p>Drain spaghetti, reserving some water, and mix with pancetta.</p></li>
  <li><p>Remove from heat, then add egg mixture, stirring quickly.</p></li>
  <li><p>Add reserved pasta water as needed and season with pepper.</p></li>
</ol>]]></content:encoded></item></channel></rss>